,2001/12,2002/12,2003/12,2004/12,2005/12,2006/12,2007/12,2008/12,2009/12,2010/12,2011/12,2012/12,2013/12,2014/12,hexID
0,7.0,7.0,7.0,7.0,7.0,4.0,4.0,4.0,2.0,4.0,15.0,16.0,15.0,16.0,301
1,325.0,326.0,340.0,349.0,351.0,361.0,365.0,381.0,395.0,401.0,421.0,433.0,437.0,464.0,302
2,363.0,367.0,383.0,378.0,381.0,382.0,392.0,384.0,404.0,401.0,380.0,379.0,384.0,387.0,328
3,0.0,0.0,0.0,0.0,0.0,0.0,0.0,0.0,0.0,0.0,,25.0,25.0,25.0,329
4,4.0,4.0,4.0,4.0,4.0,4.0,2.0,2.0,2.0,162.0,9.0,65.0,88.0,88.0,330
5,167.0,161.0,165.0,174.0,172.0,169.0,165.0,179.0,172.0,164.0,179.0,186.0,212.0,172.0,334
6,0.0,0.0,0.0,0.0,0.0,0.0,0.0,0.0,0.0,0.0,0.0,0.0,0.0,0.0,355
7,0.0,0.0,0.0,0.0,0.0,0.0,0.0,0.0,0.0,0.0,0.0,0.0,0.0,0.0,356
8,3.0,3.0,3.0,3.0,3.0,3.0,3.0,3.0,3.0,5.0,6.0,7.0,8.0,8.0,357
9,2640.0,2576.0,2568.0,2697.0,2797.0,2838.0,2927.0,3062.0,3515.0,3809.0,4211.0,4366.0,4693.0,4863.0,358
10,52.0,48.0,46.0,40.0,38.0,37.0,39.0,52.0,58.0,88.0,41.0,45.0,69.0,109.0,359
11,,,,,,,,,,,0.0,0.0,0.0,0.0,360
12,0.0,0.0,0.0,0.0,0.0,0.0,0.0,0.0,0.0,0.0,0.0,0.0,0.0,0.0,361
13,26.0,26.0,26.0,30.0,26.0,23.0,29.0,35.0,37.0,35.0,34.0,33.0,37.0,37.0,363
14,0.0,0.0,0.0,0.0,0.0,0.0,0.0,0.0,0.0,0.0,0.0,0.0,0.0,0.0,381
15,48.0,50.0,63.0,85.0,76.0,108.0,200.0,335.0,462.0,618.0,252.0,229.0,185.0,161.0,384
16,0.0,0.0,0.0,0.0,0.0,0.0,0.0,0.0,0.0,0.0,0.0,0.0,0.0,0.0,385
17,136.0,135.0,146.0,156.0,161.0,163.0,169.0,185.0,185.0,190.0,,267.0,356.0,455.0,386
18,7257.0,7225.0,7180.0,7154.0,7155.0,7131.0,7085.0,7140.0,7100.0,7080.0,7082.0,7103.0,7056.0,6989.0,387
19,8408.0,8402.0,8489.0,8520.0,8756.0,9034.0,9126.0,9261.0,9365.0,9418.0,8980.0,9089.0,9183.0,9248.0,388
20,468.0,459.0,461.0,454.0,453.0,462.0,465.0,448.0,459.0,458.0,461.0,460.0,464.0,483.0,389
21,4647.0,4609.0,4586.0,4550.0,4478.0,4454.0,4534.0,4553.0,4426.0,4297.0,4117.0,4074.0,4086.0,4071.0,390
22,0.0,0.0,0.0,0.0,0.0,0.0,0.0,0.0,0.0,0.0,0.0,0.0,0.0,0.0,391
23,435.0,435.0,497.0,546.0,554.0,619.0,648.0,670.0,712.0,778.0,752.0,750.0,716.0,708.0,393
24,4.0,4.0,4.0,4.0,4.0,4.0,4.0,4.0,4.0,4.0,3.0,3.0,5.0,5.0,409
25,64.0,67.0,70.0,73.0,74.0,73.0,71.0,71.0,71.0,70.0,72.0,70.0,72.0,68.0,410
26,2110.0,2086.0,2173.0,2189.0,2320.0,2485.0,2460.0,2506.0,2679.0,2941.0,3201.0,3314.0,3418.0,3455.0,412
27,60.0,66.0,68.0,68.0,82.0,94.0,98.0,96.0,93.0,117.0,239.0,302.0,352.0,381.0,413
28,15201.0,15056.0,15045.0,14997.0,14953.0,15055.0,15012.0,15133.0,15104.0,15051.0,14111.0,14071.0,13963.0,13887.0,414
29,649.0,645.0,679.0,743.0,774.0,817.0,836.0,969.0,1103.0,1300.0,1441.0,1598.0,1616.0,1521.0,415
30,5954.0,5853.0,6075.0,6219.0,6332.0,6509.0,6533.0,6910.0,7037.0,7131.0,6912.0,6945.0,6996.0,6876.0,416
31,1621.0,1583.0,1574.0,1570.0,1585.0,1717.0,1801.0,1839.0,1863.0,1893.0,1873.0,1832.0,1831.0,1810.0,417
32,2237.0,2250.0,2261.0,2261.0,2303.0,2286.0,2264.0,2280.0,2281.0,2357.0,2424.0,2423.0,2409.0,2401.0,418
33,3282.0,3246.0,3252.0,3274.0,3273.0,3358.0,3345.0,3317.0,3296.0,3333.0,3260.0,3266.0,3247.0,3232.0,419
34,18.0,18.0,18.0,18.0,18.0,18.0,17.0,17.0,18.0,21.0,29.0,25.0,25.0,29.0,420
35,14.0,13.0,20.0,15.0,14.0,14.0,9.0,18.0,12.0,16.0,2.0,2.0,3.0,3.0,421
36,125.0,126.0,134.0,167.0,187.0,201.0,167.0,153.0,147.0,130.0,135.0,141.0,138.0,140.0,433
37,16.0,5.0,9.0,14.0,16.0,19.0,49.0,54.0,50.0,45.0,23.0,24.0,24.0,24.0,437
38,0.0,0.0,0.0,0.0,0.0,0.0,0.0,0.0,0.0,0.0,0.0,0.0,0.0,0.0,440
39,17.0,17.0,17.0,10.0,6.0,4.0,5.0,5.0,7.0,7.0,9.0,8.0,8.0,53.0,441
40,13947.0,13833.0,13765.0,13797.0,13840.0,13837.0,13852.0,13840.0,13780.0,14139.0,14099.0,14307.0,14366.0,14338.0,442
41,11.0,11.0,14.0,12.0,39.0,237.0,413.0,552.0,607.0,778.0,2364.0,2450.0,2503.0,2572.0,443
42,21.0,21.0,20.0,28.0,28.0,30.0,42.0,45.0,73.0,146.0,96.0,72.0,75.0,61.0,444
43,4.0,4.0,10.0,10.0,29.0,40.0,25.0,23.0,11.0,11.0,13.0,12.0,16.0,16.0,445
44,1427.0,1435.0,1449.0,1453.0,1437.0,1452.0,1463.0,1567.0,1692.0,1689.0,1531.0,1572.0,1567.0,1581.0,446
45,1489.0,1469.0,1484.0,1494.0,1491.0,1512.0,1521.0,1557.0,1582.0,1677.0,1919.0,1926.0,1938.0,1942.0,447
46,2.0,2.0,2.0,4.0,3.0,3.0,3.0,3.0,13.0,15.0,18.0,18.0,22.0,21.0,448
47,1900.0,1946.0,1998.0,2052.0,2164.0,2266.0,2295.0,2470.0,2577.0,2669.0,2335.0,2424.0,2494.0,2491.0,449
48,,,,,,,,,,,385.0,406.0,412.0,451.0,461
49,12.0,15.0,13.0,13.0,13.0,14.0,16.0,16.0,17.0,18.0,14.0,14.0,13.0,14.0,464
50,4.0,3.0,3.0,2.0,13.0,14.0,15.0,13.0,13.0,7.0,16.0,18.0,19.0,11.0,465
51,25.0,25.0,25.0,29.0,30.0,32.0,33.0,36.0,39.0,38.0,0.0,0.0,0.0,0.0,466
52,0.0,0.0,9.0,11.0,19.0,17.0,13.0,13.0,19.0,19.0,2.0,2.0,2.0,2.0,468
53,26.0,29.0,28.0,33.0,25.0,32.0,41.0,40.0,38.0,35.0,40.0,43.0,43.0,42.0,469
54,10242.0,10360.0,10519.0,10614.0,10803.0,10941.0,10933.0,11138.0,11079.0,11134.0,10546.0,10508.0,10541.0,10458.0,470
55,2401.0,2528.0,2690.0,2882.0,3091.0,3419.0,3861.0,4393.0,4822.0,5141.0,5879.0,6132.0,6409.0,6491.0,471
56,523.0,503.0,525.0,585.0,598.0,739.0,693.0,758.0,836.0,912.0,734.0,737.0,748.0,729.0,472
57,14.0,15.0,13.0,15.0,15.0,15.0,19.0,18.0,19.0,19.0,18.0,19.0,23.0,23.0,473
58,3913.0,3906.0,3853.0,4044.0,4159.0,4123.0,4159.0,4185.0,4160.0,4190.0,4026.0,3970.0,3985.0,4032.0,474
59,3167.0,3138.0,3087.0,3052.0,3006.0,2982.0,2936.0,2899.0,2902.0,2905.0,2851.0,2863.0,2894.0,2848.0,475
60,5470.0,5454.0,5493.0,5486.0,5474.0,5456.0,5418.0,5359.0,5310.0,5276.0,5374.0,5427.0,5436.0,5531.0,476
61,2326.0,2277.0,2289.0,2300.0,2299.0,2290.0,2307.0,2341.0,2364.0,2415.0,2535.0,2566.0,2623.0,2576.0,477
62,563.0,557.0,578.0,548.0,566.0,620.0,644.0,691.0,784.0,916.0,990.0,1044.0,1118.0,1131.0,478
63,763.0,763.0,788.0,852.0,890.0,929.0,990.0,1039.0,1145.0,1177.0,811.0,810.0,804.0,828.0,490
64,2379.0,2339.0,2357.0,2381.0,2421.0,2427.0,2401.0,2451.0,2460.0,2500.0,2541.0,2526.0,2568.0,2562.0,492
65,0.0,0.0,0.0,0.0,0.0,0.0,0.0,0.0,0.0,0.0,0.0,0.0,0.0,0.0,493
66,0.0,0.0,0.0,0.0,0.0,0.0,0.0,0.0,0.0,0.0,0.0,0.0,0.0,0.0,494
67,568.0,564.0,575.0,561.0,561.0,571.0,566.0,583.0,566.0,571.0,620.0,638.0,659.0,671.0,495
68,207.0,208.0,197.0,209.0,216.0,229.0,240.0,252.0,259.0,271.0,276.0,291.0,289.0,294.0,496
69,1447.0,1473.0,1455.0,1502.0,1523.0,1591.0,1631.0,1791.0,1895.0,1961.0,2177.0,2287.0,2357.0,2460.0,497
70,310.0,293.0,289.0,297.0,310.0,322.0,326.0,349.0,354.0,368.0,414.0,417.0,416.0,423.0,498
71,55.0,54.0,57.0,61.0,68.0,79.0,75.0,89.0,94.0,111.0,,80.0,86.0,81.0,499
72,8923.0,8928.0,9053.0,9249.0,9402.0,9625.0,9669.0,9794.0,10368.0,10522.0,10410.0,10703.0,11091.0,11155.0,500
73,31.0,29.0,63.0,91.0,104.0,194.0,249.0,277.0,294.0,294.0,140.0,143.0,141.0,136.0,501
74,857.0,864.0,870.0,888.0,885.0,917.0,924.0,945.0,931.0,926.0,889.0,863.0,861.0,863.0,502
75,4219.0,4102.0,4053.0,4034.0,4011.0,3968.0,4020.0,4159.0,4298.0,4314.0,4082.0,4199.0,4223.0,4175.0,504
76,8619.0,8545.0,8445.0,8400.0,8413.0,8497.0,8393.0,8387.0,8531.0,8596.0,8279.0,8304.0,8346.0,8172.0,505
77,630.0,652.0,652.0,664.0,682.0,742.0,774.0,790.0,842.0,912.0,1087.0,1127.0,1149.0,1161.0,519
78,4476.0,4531.0,4877.0,4990.0,5039.0,5192.0,5259.0,5382.0,5444.0,5593.0,5460.0,5351.0,5304.0,5324.0,522
79,0.0,0.0,0.0,0.0,0.0,0.0,0.0,0.0,0.0,0.0,1.0,1.0,3.0,5.0,523
80,0.0,0.0,0.0,0.0,0.0,0.0,0.0,0.0,0.0,0.0,0.0,0.0,0.0,0.0,524
81,0.0,0.0,0.0,0.0,0.0,0.0,5.0,5.0,5.0,7.0,0.0,0.0,2.0,2.0,525
82,5161.0,5294.0,5587.0,5762.0,6115.0,6442.0,6758.0,7016.0,7223.0,7245.0,6579.0,6617.0,6568.0,6439.0,526
83,52.0,54.0,53.0,56.0,58.0,61.0,63.0,102.0,98.0,101.0,61.0,68.0,69.0,66.0,527
84,62.0,60.0,54.0,64.0,71.0,61.0,58.0,61.0,60.0,61.0,30.0,32.0,33.0,30.0,528
85,2635.0,2725.0,2862.0,3015.0,3262.0,3596.0,3741.0,3970.0,4210.0,4458.0,3295.0,3367.0,3425.0,3421.0,529
86,6742.0,6702.0,6703.0,6737.0,6766.0,6842.0,7004.0,7240.0,7339.0,7356.0,7178.0,7230.0,7275.0,7246.0,530
87,98.0,100.0,100.0,101.0,100.0,108.0,107.0,108.0,235.0,339.0,461.0,544.0,621.0,640.0,531
88,13559.0,13354.0,13359.0,13386.0,13385.0,13348.0,13288.0,13217.0,13084.0,12941.0,12655.0,12628.0,12588.0,12504.0,532
89,1672.0,1658.0,1635.0,1649.0,1658.0,1683.0,1660.0,1639.0,1653.0,1640.0,1610.0,1596.0,1550.0,1557.0,533
90,5.0,5.0,5.0,5.0,6.0,6.0,6.0,6.0,6.0,6.0,7.0,7.0,7.0,7.0,536
91,1384.0,1369.0,1457.0,1500.0,1570.0,1627.0,1694.0,1750.0,1843.0,1900.0,1537.0,1524.0,1504.0,1475.0,537
92,2.0,2.0,2.0,2.0,2.0,2.0,2.0,2.0,2.0,2.0,1.0,3.0,2.0,2.0,538
93,12.0,12.0,12.0,12.0,12.0,9.0,8.0,6.0,5.0,5.0,7.0,7.0,7.0,7.0,539
94,,,,,,,,,,,18.0,18.0,20.0,20.0,546
95,355.0,360.0,373.0,388.0,401.0,425.0,400.0,411.0,423.0,442.0,,506.0,525.0,527.0,547
96,3744.0,3793.0,3823.0,3845.0,3892.0,3960.0,4005.0,4098.0,4140.0,4148.0,4146.0,4181.0,4199.0,4229.0,548
97,85.0,87.0,83.0,70.0,70.0,58.0,55.0,81.0,210.0,222.0,51.0,50.0,50.0,48.0,549
98,202.0,193.0,197.0,199.0,195.0,195.0,202.0,202.0,204.0,202.0,202.0,206.0,201.0,200.0,550
99,0.0,0.0,0.0,0.0,0.0,0.0,0.0,0.0,0.0,0.0,2.0,2.0,2.0,3.0,551
100,1387.0,1387.0,1393.0,1402.0,1435.0,1469.0,1486.0,1511.0,1521.0,1588.0,1646.0,1803.0,1898.0,1954.0,552
101,8.0,8.0,8.0,8.0,8.0,8.0,8.0,8.0,8.0,8.0,7.0,7.0,7.0,7.0,553
102,0.0,0.0,0.0,0.0,0.0,0.0,0.0,0.0,0.0,0.0,,37.0,43.0,52.0,554
103,11840.0,11794.0,11816.0,11790.0,11751.0,11748.0,11702.0,11670.0,11693.0,11780.0,11416.0,11326.0,11326.0,11252.0,555
104,0.0,0.0,0.0,0.0,0.0,0.0,0.0,0.0,0.0,0.0,0.0,0.0,0.0,0.0,556
105,0.0,0.0,0.0,0.0,0.0,0.0,0.0,0.0,0.0,0.0,0.0,0.0,0.0,0.0,557
106,3096.0,3079.0,3120.0,3180.0,3196.0,3211.0,3127.0,3134.0,3196.0,3364.0,3347.0,3434.0,3491.0,3504.0,558
107,6754.0,6670.0,6693.0,6712.0,6708.0,6699.0,6864.0,7054.0,7173.0,7226.0,6927.0,6910.0,6863.0,6798.0,559
108,0.0,0.0,0.0,0.0,0.0,0.0,0.0,0.0,0.0,0.0,0.0,0.0,0.0,0.0,560
109,4840.0,4744.0,4679.0,4786.0,4796.0,4759.0,4779.0,4904.0,5193.0,5523.0,4543.0,4661.0,4672.0,4680.0,561
110,4590.0,4508.0,4446.0,4394.0,4380.0,4340.0,4271.0,4213.0,4216.0,4194.0,4192.0,4230.0,4167.0,4160.0,562
111,7311.0,7171.0,7084.0,7068.0,7129.0,7068.0,6969.0,6894.0,6951.0,6989.0,6956.0,6975.0,7046.0,7090.0,563
112,1920.0,1925.0,1901.0,1921.0,1941.0,1941.0,1912.0,1928.0,1959.0,1960.0,1884.0,1912.0,1924.0,1911.0,564
113,1235.0,1266.0,1381.0,1465.0,1499.0,1529.0,1594.0,1623.0,1664.0,1881.0,2483.0,2595.0,2658.0,2578.0,565
114,1045.0,983.0,971.0,1200.0,1152.0,1195.0,1367.0,1492.0,1620.0,1700.0,1475.0,1511.0,1574.0,1605.0,566
115,1657.0,1674.0,1721.0,1716.0,1748.0,1810.0,1813.0,1842.0,1869.0,1860.0,1812.0,1839.0,1844.0,1874.0,567
116,14.0,11.0,11.0,16.0,21.0,24.0,30.0,35.0,40.0,49.0,63.0,64.0,71.0,75.0,574
117,3.0,3.0,3.0,3.0,3.0,90.0,232.0,445.0,616.0,748.0,1016.0,1104.0,1161.0,1194.0,576
118,3168.0,3139.0,3116.0,3088.0,3116.0,3127.0,3114.0,3171.0,3262.0,3319.0,3137.0,3175.0,3210.0,3227.0,577
119,0.0,0.0,0.0,0.0,0.0,0.0,0.0,0.0,0.0,0.0,0.0,0.0,0.0,0.0,578
120,105.0,104.0,99.0,101.0,100.0,89.0,96.0,96.0,96.0,93.0,101.0,97.0,99.0,97.0,579
121,394.0,360.0,363.0,397.0,424.0,460.0,404.0,354.0,348.0,400.0,,288.0,286.0,294.0,580
122,104.0,103.0,103.0,102.0,102.0,102.0,102.0,102.0,104.0,106.0,88.0,84.0,87.0,73.0,581
123,36.0,37.0,38.0,36.0,33.0,32.0,31.0,31.0,25.0,22.0,6.0,7.0,7.0,7.0,582
124,102.0,104.0,110.0,113.0,124.0,132.0,132.0,130.0,120.0,127.0,172.0,175.0,181.0,192.0,583
125,2610.0,2599.0,2666.0,2739.0,2807.0,2836.0,2865.0,2913.0,2937.0,3036.0,2980.0,3003.0,2987.0,3081.0,584
126,69.0,73.0,75.0,76.0,75.0,75.0,71.0,75.0,76.0,76.0,68.0,73.0,66.0,67.0,585
127,1622.0,1613.0,1613.0,1614.0,1633.0,1622.0,1624.0,1657.0,1700.0,1783.0,1812.0,1818.0,1792.0,1805.0,586
128,4469.0,4372.0,4349.0,4291.0,4272.0,4249.0,4203.0,4295.0,4354.0,4381.0,4297.0,4266.0,4232.0,4195.0,587
129,5494.0,5465.0,5476.0,5588.0,5591.0,5640.0,5647.0,5945.0,6198.0,5973.0,5375.0,5436.0,5406.0,5269.0,588
130,207.0,205.0,251.0,278.0,313.0,369.0,453.0,563.0,662.0,779.0,571.0,565.0,615.0,625.0,589
131,877.0,858.0,852.0,859.0,867.0,848.0,823.0,810.0,764.0,749.0,708.0,706.0,695.0,692.0,590
132,2870.0,2805.0,2714.0,2734.0,2765.0,2791.0,2802.0,2802.0,2951.0,3120.0,2844.0,3011.0,3080.0,3000.0,591
133,4371.0,4321.0,4298.0,4285.0,4277.0,4295.0,4389.0,4458.0,4534.0,4525.0,4665.0,4790.0,4946.0,5024.0,592
134,89.0,90.0,90.0,90.0,90.0,90.0,90.0,90.0,90.0,95.0,123.0,122.0,129.0,146.0,593
135,665.0,670.0,715.0,721.0,705.0,706.0,683.0,728.0,716.0,724.0,790.0,821.0,833.0,836.0,594
136,20.0,20.0,19.0,17.0,16.0,13.0,15.0,16.0,19.0,12.0,18.0,20.0,15.0,16.0,595
137,70.0,73.0,90.0,98.0,98.0,108.0,112.0,116.0,128.0,122.0,131.0,136.0,131.0,128.0,606
138,1743.0,1705.0,1678.0,1720.0,1779.0,1791.0,1795.0,1989.0,2188.0,2109.0,1898.0,1880.0,1876.0,1893.0,607
139,49.0,47.0,43.0,36.0,34.0,29.0,23.0,23.0,23.0,23.0,28.0,28.0,28.0,23.0,608
140,1282.0,1281.0,1284.0,1310.0,1319.0,1315.0,1298.0,1350.0,1384.0,1459.0,1574.0,1625.0,1659.0,1661.0,609
141,2031.0,2013.0,1999.0,2000.0,1997.0,1994.0,2017.0,2028.0,2061.0,2089.0,2154.0,2243.0,2317.0,2332.0,610
142,58.0,39.0,28.0,22.0,23.0,29.0,27.0,26.0,22.0,23.0,53.0,50.0,49.0,47.0,611
143,760.0,759.0,773.0,763.0,769.0,776.0,793.0,824.0,861.0,833.0,826.0,825.0,812.0,806.0,612
144,150.0,132.0,108.0,137.0,139.0,146.0,131.0,144.0,166.0,173.0,191.0,193.0,194.0,193.0,613
145,3.0,3.0,3.0,4.0,3.0,3.0,2.0,1.0,3.0,3.0,6.0,6.0,6.0,4.0,614
146,4055.0,4011.0,4156.0,4182.0,4166.0,4070.0,4109.0,4312.0,4436.0,4383.0,4075.0,3933.0,4006.0,3963.0,615
147,7689.0,7576.0,7544.0,7567.0,7628.0,7762.0,7569.0,7472.0,7508.0,7551.0,7173.0,6979.0,6933.0,6700.0,616
148,8136.0,8003.0,7943.0,7876.0,7891.0,7863.0,7829.0,7623.0,7579.0,7534.0,8029.0,7923.0,8013.0,8101.0,617
149,5480.0,5329.0,5246.0,5113.0,5058.0,4887.0,4749.0,4575.0,4599.0,4569.0,4413.0,4351.0,4323.0,4301.0,618
150,15840.0,15600.0,15379.0,15255.0,15154.0,15297.0,15271.0,15414.0,15471.0,15393.0,13920.0,13927.0,13889.0,13996.0,619
151,5576.0,5504.0,5519.0,5528.0,5482.0,5429.0,5339.0,5238.0,5165.0,5111.0,4978.0,4913.0,4992.0,4981.0,620
152,,,,,60.0,80.0,78.0,76.0,69.0,74.0,30.0,23.0,26.0,34.0,622
153,8.0,9.0,8.0,8.0,9.0,11.0,8.0,6.0,21.0,22.0,11.0,11.0,11.0,11.0,623
154,1.0,1.0,1.0,1.0,1.0,1.0,1.0,1.0,1.0,1.0,1.0,1.0,1.0,1.0,634
155,0.0,0.0,0.0,0.0,0.0,0.0,0.0,0.0,0.0,0.0,0.0,0.0,0.0,0.0,635
156,474.0,472.0,472.0,468.0,483.0,497.0,466.0,462.0,443.0,454.0,451.0,467.0,500.0,516.0,636
157,2081.0,2077.0,2087.0,2121.0,2197.0,2401.0,2650.0,2788.0,2834.0,2967.0,3095.0,3234.0,3454.0,3663.0,637
158,8911.0,8832.0,8834.0,8820.0,8882.0,8909.0,8878.0,8859.0,8870.0,8754.0,8187.0,8159.0,8122.0,8000.0,638
159,846.0,833.0,833.0,858.0,867.0,883.0,864.0,923.0,918.0,924.0,808.0,800.0,793.0,795.0,639
160,4953.0,4908.0,4951.0,4963.0,4988.0,5015.0,5031.0,5022.0,5057.0,5106.0,5008.0,5013.0,5059.0,5080.0,640
161,6764.0,6676.0,6584.0,6564.0,6522.0,6540.0,6548.0,6513.0,6537.0,6479.0,6378.0,6378.0,6384.0,6361.0,641
162,5211.0,5144.0,5078.0,5125.0,5108.0,5124.0,5171.0,5245.0,5234.0,5234.0,5078.0,5035.0,5029.0,4975.0,642
163,4607.0,4565.0,4545.0,4610.0,4776.0,4688.0,4660.0,4665.0,4643.0,4614.0,4503.0,4471.0,4398.0,4341.0,643
164,3149.0,3079.0,3075.0,3048.0,3004.0,2990.0,2980.0,3075.0,3201.0,3319.0,3170.0,3287.0,3262.0,3233.0,644
165,10146.0,9904.0,9686.0,9616.0,9519.0,9406.0,9195.0,9198.0,9211.0,9406.0,9054.0,9153.0,9020.0,8908.0,645
166,4439.0,4259.0,4147.0,4098.0,4053.0,3953.0,3850.0,3779.0,3718.0,3690.0,3686.0,3643.0,3592.0,3590.0,646
167,2009.0,1971.0,2018.0,1956.0,1923.0,1932.0,1939.0,1904.0,1968.0,1980.0,1685.0,1704.0,1700.0,1626.0,647
168,6676.0,6556.0,6482.0,6405.0,6386.0,6416.0,6314.0,6339.0,6452.0,6464.0,6437.0,6322.0,6192.0,6223.0,648
169,190.0,188.0,151.0,105.0,116.0,116.0,113.0,116.0,113.0,115.0,175.0,168.0,169.0,157.0,649
170,243.0,243.0,253.0,256.0,278.0,312.0,411.0,463.0,446.0,411.0,360.0,365.0,367.0,361.0,650
171,21112.0,20852.0,20545.0,20338.0,20242.0,20073.0,19951.0,19797.0,19612.0,19527.0,19408.0,19277.0,19130.0,18938.0,651
172,0.0,0.0,0.0,0.0,0.0,0.0,0.0,0.0,0.0,0.0,0.0,0.0,0.0,0.0,652
173,0.0,0.0,0.0,0.0,0.0,0.0,0.0,0.0,0.0,0.0,0.0,0.0,0.0,0.0,653
174,529.0,533.0,541.0,565.0,582.0,589.0,594.0,615.0,628.0,632.0,676.0,686.0,705.0,718.0,662
175,6.0,6.0,6.0,6.0,6.0,14.0,12.0,12.0,12.0,17.0,,2.0,2.0,2.0,664
176,391.0,392.0,420.0,432.0,434.0,453.0,460.0,504.0,563.0,553.0,480.0,496.0,474.0,476.0,665
177,10243.0,10161.0,10153.0,10121.0,10028.0,9971.0,10072.0,10044.0,9993.0,9985.0,10252.0,10298.0,10236.0,10102.0,666
178,12308.0,12125.0,11967.0,11827.0,11853.0,11759.0,11707.0,11677.0,11563.0,11509.0,11275.0,11192.0,11082.0,10926.0,667
179,7877.0,7861.0,7889.0,7733.0,7689.0,7639.0,7594.0,7582.0,7526.0,7605.0,7388.0,7414.0,7390.0,7408.0,668
180,820.0,821.0,820.0,820.0,822.0,826.0,830.0,834.0,830.0,845.0,,838.0,810.0,810.0,669
181,2012.0,2001.0,2001.0,2013.0,1995.0,1984.0,2026.0,2174.0,2202.0,2230.0,2233.0,2219.0,2271.0,2248.0,670
182,3907.0,3859.0,3811.0,3836.0,3798.0,3774.0,3757.0,3733.0,3741.0,3749.0,3778.0,3797.0,3824.0,3792.0,671
183,12422.0,12264.0,12285.0,12232.0,12186.0,12101.0,11930.0,12314.0,12370.0,12207.0,11734.0,11545.0,11416.0,11228.0,672
184,4199.0,4125.0,4128.0,4127.0,4113.0,4028.0,3964.0,3988.0,4034.0,4188.0,4361.0,4387.0,4375.0,4385.0,673
185,14607.0,14143.0,13885.0,13773.0,13592.0,13479.0,13342.0,13325.0,13349.0,13700.0,13762.0,13733.0,13602.0,13481.0,674
186,13005.0,12761.0,12674.0,12493.0,12324.0,12076.0,11795.0,11569.0,11332.0,11284.0,11512.0,11362.0,11191.0,11113.0,675
187,10717.0,10525.0,10342.0,10297.0,10413.0,10479.0,10346.0,10400.0,10296.0,10325.0,10018.0,10023.0,9974.0,9941.0,676
188,32.0,30.0,27.0,22.0,22.0,20.0,20.0,21.0,20.0,24.0,37.0,41.0,41.0,41.0,677
189,505.0,516.0,518.0,526.0,560.0,566.0,601.0,620.0,661.0,686.0,655.0,662.0,700.0,701.0,678
190,4926.0,4977.0,5277.0,5402.0,5597.0,6075.0,6339.0,6520.0,6536.0,6600.0,6605.0,6613.0,6653.0,6729.0,679
191,263.0,260.0,255.0,256.0,252.0,247.0,246.0,246.0,250.0,253.0,276.0,262.0,255.0,248.0,680
192,6825.0,6751.0,6733.0,6674.0,6599.0,6554.0,6675.0,7114.0,6996.0,6924.0,6663.0,6689.0,6683.0,6666.0,681
193,30.0,29.0,30.0,33.0,32.0,32.0,31.0,32.0,32.0,32.0,35.0,35.0,36.0,36.0,682
194,23.0,21.0,21.0,24.0,25.0,27.0,25.0,26.0,31.0,35.0,27.0,26.0,27.0,27.0,691
195,0.0,0.0,0.0,0.0,0.0,0.0,0.0,0.0,0.0,0.0,0.0,0.0,0.0,0.0,692
196,40.0,25.0,27.0,35.0,66.0,73.0,82.0,109.0,148.0,135.0,37.0,36.0,47.0,46.0,693
197,0.0,0.0,1.0,0.0,0.0,13.0,14.0,14.0,14.0,14.0,0.0,0.0,0.0,0.0,695
198,9729.0,9616.0,9579.0,9640.0,9612.0,9613.0,9475.0,9412.0,9338.0,9383.0,9194.0,9212.0,9115.0,9077.0,696
199,1.0,2.0,3.0,3.0,1.0,4.0,0.0,4.0,5.0,6.0,0.0,0.0,0.0,0.0,697
200,6496.0,6372.0,6337.0,6361.0,6353.0,6377.0,6412.0,6357.0,6392.0,6420.0,6314.0,6355.0,6399.0,6329.0,698
201,6318.0,6173.0,6126.0,6123.0,6037.0,6009.0,5898.0,5851.0,5934.0,5824.0,5616.0,5585.0,5595.0,5569.0,699
202,10725.0,10482.0,10356.0,10229.0,10134.0,10059.0,9924.0,9865.0,9880.0,9696.0,9577.0,9528.0,9397.0,9238.0,700
203,12298.0,12166.0,12159.0,12147.0,12006.0,11976.0,11914.0,12164.0,12190.0,12045.0,13589.0,11083.0,10916.0,10699.0,701
204,25696.0,25009.0,24731.0,24468.0,24177.0,24025.0,23489.0,23771.0,24229.0,24555.0,24527.0,24599.0,24745.0,24376.0,702
205,4640.0,4538.0,4475.0,4491.0,4450.0,4388.0,4365.0,4600.0,4926.0,5038.0,4750.0,4686.0,4555.0,4469.0,703
206,5184.0,5053.0,4922.0,4821.0,4792.0,4749.0,4623.0,4575.0,4574.0,4599.0,4403.0,4312.0,4210.0,4077.0,704
207,13833.0,13642.0,13561.0,13413.0,13323.0,13327.0,13436.0,13699.0,13694.0,14024.0,14174.0,14186.0,14213.0,14246.0,705
208,406.0,410.0,407.0,381.0,373.0,361.0,381.0,550.0,542.0,709.0,585.0,565.0,622.0,502.0,706
209,2341.0,2294.0,2288.0,2279.0,2284.0,2295.0,2274.0,2302.0,2299.0,2313.0,2282.0,2288.0,2333.0,2357.0,707
210,4355.0,4307.0,4221.0,4192.0,4185.0,4185.0,4104.0,4068.0,4032.0,3931.0,3998.0,3970.0,3897.0,3867.0,708
211,3.0,3.0,3.0,3.0,3.0,3.0,3.0,4.0,6.0,7.0,3.0,3.0,4.0,4.0,709
212,1133.0,1145.0,1238.0,1314.0,1425.0,1550.0,1585.0,1659.0,1726.0,1782.0,2091.0,2128.0,2173.0,2156.0,710
213,368.0,378.0,376.0,376.0,380.0,384.0,384.0,388.0,392.0,402.0,490.0,470.0,519.0,569.0,721
214,11.0,12.0,14.0,14.0,14.0,14.0,15.0,15.0,16.0,22.0,8.0,9.0,6.0,6.0,722
215,5048.0,5008.0,4917.0,4901.0,4832.0,4777.0,4731.0,4774.0,4751.0,4731.0,4710.0,4739.0,4675.0,4665.0,723
216,4890.0,5020.0,5446.0,5621.0,5755.0,6185.0,6432.0,7125.0,7359.0,6668.0,5809.0,5928.0,6107.0,6212.0,724
217,11051.0,10875.0,10812.0,10702.0,10675.0,10641.0,10618.0,10582.0,10649.0,10624.0,10532.0,10455.0,10455.0,10387.0,725
218,1208.0,1218.0,1313.0,1323.0,1313.0,1369.0,1456.0,1554.0,1763.0,1772.0,1725.0,1771.0,1774.0,1700.0,726
219,8336.0,8221.0,8155.0,8075.0,7995.0,7929.0,7808.0,7723.0,7802.0,7862.0,7784.0,10333.0,10625.0,10746.0,727
220,3725.0,3654.0,3611.0,3587.0,3541.0,3553.0,3575.0,3528.0,3474.0,3466.0,3431.0,3399.0,3400.0,3431.0,728
221,8113.0,8014.0,7958.0,7939.0,8001.0,8086.0,8234.0,8412.0,8387.0,8432.0,8133.0,8035.0,7993.0,8028.0,729
222,17912.0,17644.0,17425.0,17248.0,17263.0,17212.0,17322.0,17542.0,17544.0,17376.0,16805.0,16871.0,16806.0,16584.0,730
223,25364.0,24904.0,24644.0,24388.0,24198.0,23911.0,23590.0,23842.0,24253.0,24368.0,23430.0,23157.0,23247.0,22963.0,731
224,11087.0,10902.0,10769.0,10587.0,10489.0,10672.0,10693.0,11113.0,11610.0,11796.0,12056.0,12192.0,12449.0,12464.0,732
225,86.0,84.0,100.0,94.0,89.0,82.0,79.0,86.0,80.0,90.0,72.0,68.0,93.0,91.0,733
226,9167.0,9083.0,9041.0,8964.0,8876.0,8824.0,8699.0,9091.0,9563.0,9960.0,9873.0,10007.0,10295.0,10408.0,734
227,3621.0,3509.0,3523.0,3546.0,3575.0,3571.0,3636.0,3652.0,3701.0,3746.0,3507.0,3490.0,3460.0,3357.0,735
228,9096.0,8957.0,8882.0,8830.0,8791.0,8781.0,8722.0,8730.0,8898.0,9121.0,9641.0,9849.0,9649.0,9420.0,736
229,15.0,18.0,17.0,28.0,38.0,49.0,44.0,48.0,78.0,93.0,0.0,0.0,0.0,0.0,737
230,1277.0,1291.0,1286.0,1290.0,1303.0,1318.0,1381.0,1396.0,1446.0,1515.0,1589.0,1618.0,1625.0,1663.0,738
231,26.0,25.0,34.0,40.0,45.0,53.0,82.0,96.0,103.0,118.0,8.0,6.0,6.0,9.0,739
232,1040.0,1069.0,1072.0,1123.0,1160.0,1182.0,1212.0,1216.0,1253.0,1288.0,1289.0,1354.0,1424.0,1551.0,750
233,2957.0,2958.0,2952.0,2953.0,2935.0,2917.0,2932.0,2943.0,2913.0,2921.0,2870.0,2797.0,2738.0,2685.0,751
234,2198.0,2115.0,2103.0,2134.0,2160.0,2258.0,2272.0,2347.0,2439.0,2528.0,2896.0,2920.0,2811.0,2792.0,752
235,99.0,337.0,466.0,591.0,749.0,899.0,1030.0,1260.0,1486.0,1577.0,,1700.0,1758.0,1774.0,753
236,35.0,35.0,34.0,36.0,34.0,37.0,37.0,39.0,62.0,70.0,70.0,67.0,60.0,58.0,754
237,0.0,0.0,3.0,4.0,7.0,7.0,7.0,6.0,6.0,6.0,0.0,0.0,0.0,0.0,755
238,5118.0,5078.0,5042.0,5039.0,5026.0,5004.0,5052.0,5161.0,5164.0,4970.0,4500.0,4467.0,4462.0,4454.0,756
239,1518.0,1516.0,1490.0,1479.0,1480.0,1496.0,1466.0,1490.0,1454.0,1562.0,1619.0,1673.0,1756.0,1801.0,757
240,2698.0,2716.0,2733.0,2755.0,2749.0,2883.0,3056.0,3237.0,3466.0,3632.0,4288.0,4491.0,4737.0,4928.0,758
241,11325.0,11185.0,11067.0,10984.0,10974.0,10924.0,10758.0,10708.0,10735.0,10667.0,10227.0,10211.0,10038.0,9754.0,759
242,6548.0,6519.0,6519.0,6532.0,6619.0,6640.0,6524.0,6620.0,6929.0,7017.0,6593.0,6773.0,6925.0,7057.0,760
243,8156.0,8056.0,7925.0,7894.0,7785.0,7791.0,7831.0,7902.0,7995.0,8006.0,8033.0,8014.0,7980.0,7889.0,761
244,207.0,193.0,167.0,157.0,127.0,366.0,522.0,647.0,955.0,1188.0,2089.0,2299.0,2579.0,2897.0,762
245,251.0,245.0,250.0,257.0,276.0,265.0,258.0,256.0,247.0,234.0,255.0,249.0,251.0,267.0,763
246,3051.0,2997.0,2953.0,2936.0,2998.0,3203.0,3491.0,3810.0,4042.0,4355.0,4332.0,4359.0,4317.0,4335.0,764
247,12044.0,11832.0,11623.0,11460.0,11327.0,11191.0,11079.0,11054.0,10952.0,10953.0,11011.0,10962.0,10910.0,10807.0,765
248,4.0,4.0,4.0,4.0,4.0,4.0,10.0,10.0,17.0,18.0,0.0,0.0,0.0,0.0,766
249,0.0,0.0,0.0,0.0,0.0,0.0,0.0,0.0,0.0,0.0,0.0,0.0,0.0,0.0,778
250,13.0,11.0,11.0,11.0,11.0,11.0,11.0,11.0,11.0,11.0,7.0,6.0,6.0,5.0,779
251,1602.0,1607.0,1656.0,1685.0,1703.0,1785.0,1872.0,1881.0,1923.0,1991.0,1968.0,1975.0,1992.0,1974.0,780
252,1766.0,1764.0,1780.0,1815.0,1852.0,1901.0,1988.0,2163.0,2230.0,2273.0,1836.0,1889.0,1942.0,1978.0,781
253,7320.0,7215.0,7218.0,7149.0,7198.0,7195.0,7063.0,6994.0,6976.0,6916.0,6587.0,6480.0,6444.0,6374.0,783
254,4451.0,4395.0,4518.0,4492.0,4468.0,4759.0,4809.0,5208.0,5371.0,5164.0,3104.0,3143.0,3193.0,3225.0,784
255,9879.0,9767.0,9711.0,9768.0,9772.0,9744.0,9543.0,9528.0,9474.0,9440.0,10821.0,10697.0,10591.0,10627.0,785
256,318.0,313.0,341.0,348.0,355.0,406.0,488.0,540.0,555.0,621.0,984.0,955.0,1065.0,1085.0,786
257,8868.0,8825.0,8796.0,8722.0,8683.0,8662.0,8581.0,8447.0,8410.0,8246.0,8093.0,7900.0,7807.0,7655.0,787
258,3484.0,3498.0,3588.0,3659.0,3720.0,3775.0,3742.0,3804.0,3831.0,3862.0,3787.0,3796.0,3779.0,3751.0,788
259,6688.0,6598.0,6573.0,6572.0,6521.0,6512.0,6554.0,6601.0,6645.0,6830.0,6499.0,6515.0,6528.0,6481.0,789
260,3466.0,3421.0,3453.0,3496.0,3426.0,3374.0,3492.0,3595.0,3723.0,3687.0,3399.0,3401.0,3367.0,3308.0,790
261,10208.0,10078.0,9911.0,9871.0,10070.0,10219.0,10362.0,10553.0,10685.0,10868.0,10693.0,10657.0,10523.0,10380.0,791
262,4974.0,4920.0,4926.0,4977.0,5087.0,5105.0,5072.0,5195.0,5208.0,5234.0,5295.0,5358.0,5208.0,5071.0,792
263,5388.0,5314.0,5203.0,5101.0,5062.0,5046.0,5020.0,5004.0,5176.0,5213.0,5162.0,5101.0,4982.0,4905.0,793
264,1000.0,985.0,987.0,969.0,939.0,936.0,918.0,925.0,936.0,925.0,934.0,943.0,988.0,1030.0,794
265,2078.0,2103.0,2155.0,2215.0,2358.0,2561.0,2670.0,2775.0,2890.0,2954.0,3220.0,3279.0,3309.0,3324.0,795
266,0.0,0.0,1.0,1.0,9.0,10.0,12.0,12.0,12.0,12.0,2.0,2.0,2.0,2.0,796
267,662.0,640.0,652.0,685.0,700.0,737.0,751.0,771.0,917.0,990.0,1134.0,1185.0,1267.0,1332.0,797
268,11.0,11.0,11.0,11.0,11.0,11.0,11.0,11.0,11.0,11.0,21.0,21.0,26.0,25.0,808
269,105.0,104.0,115.0,116.0,132.0,163.0,193.0,197.0,217.0,223.0,145.0,152.0,159.0,155.0,809
270,1709.0,1831.0,1880.0,1838.0,1934.0,1994.0,2045.0,2055.0,2119.0,2275.0,2411.0,2553.0,2795.0,2772.0,810
271,7199.0,7136.0,7059.0,7009.0,6967.0,7040.0,6933.0,6920.0,6746.0,6687.0,6566.0,6505.0,6414.0,6368.0,811
272,4834.0,4763.0,4829.0,4883.0,4955.0,5007.0,5097.0,5159.0,5149.0,5334.0,5420.0,5416.0,5448.0,5361.0,812
273,136.0,136.0,137.0,139.0,132.0,133.0,129.0,128.0,136.0,139.0,137.0,146.0,154.0,146.0,813
274,7017.0,6997.0,6962.0,7154.0,7245.0,7360.0,7649.0,7874.0,7975.0,8137.0,7902.0,7937.0,7987.0,7970.0,814
275,9180.0,9125.0,9207.0,9175.0,9171.0,9099.0,9037.0,9148.0,9143.0,9101.0,8851.0,8822.0,8818.0,8743.0,815
276,12538.0,12426.0,12177.0,12057.0,12007.0,11969.0,11880.0,11875.0,11908.0,11820.0,11674.0,11383.0,11423.0,11316.0,816
277,4368.0,4294.0,4292.0,4336.0,4349.0,4419.0,4421.0,4428.0,4480.0,4511.0,4234.0,4203.0,4138.0,4203.0,817
278,6774.0,6723.0,6669.0,6619.0,6569.0,6518.0,6459.0,6482.0,6523.0,6455.0,6399.0,6403.0,6440.0,6353.0,818
279,4965.0,4771.0,4850.0,4955.0,5039.0,5034.0,5158.0,5341.0,5483.0,5575.0,5459.0,5526.0,5485.0,5560.0,819
280,95.0,95.0,98.0,127.0,170.0,326.0,423.0,497.0,608.0,676.0,661.0,689.0,722.0,746.0,820
281,9599.0,9581.0,9603.0,9611.0,9621.0,9592.0,9614.0,9841.0,10001.0,10319.0,10800.0,10798.0,10872.0,10830.0,821
282,8245.0,8164.0,8051.0,8004.0,7913.0,7850.0,7757.0,7799.0,7733.0,7785.0,8098.0,8143.0,8136.0,8190.0,822
283,20.0,19.0,16.0,14.0,12.0,24.0,25.0,26.0,36.0,62.0,21.0,36.0,52.0,85.0,823
284,36.0,28.0,36.0,31.0,30.0,14.0,18.0,19.0,27.0,26.0,22.0,23.0,26.0,26.0,824
285,51.0,58.0,61.0,66.0,64.0,67.0,68.0,65.0,66.0,67.0,79.0,85.0,94.0,101.0,825
286,0.0,0.0,0.0,0.0,0.0,0.0,0.0,0.0,0.0,1.0,10.0,39.0,39.0,39.0,826
287,1.0,1.0,17.0,34.0,44.0,61.0,59.0,71.0,73.0,78.0,10.0,9.0,9.0,9.0,837
288,822.0,895.0,926.0,952.0,1049.0,1093.0,1217.0,1266.0,1361.0,1422.0,1506.0,1566.0,1583.0,1578.0,838
289,920.0,909.0,907.0,926.0,925.0,926.0,935.0,934.0,946.0,1152.0,1141.0,1034.0,1045.0,1043.0,839
290,10664.0,10512.0,10484.0,10460.0,10379.0,10469.0,10380.0,10513.0,10671.0,10662.0,10406.0,10428.0,10275.0,10176.0,840
291,0.0,0.0,0.0,0.0,0.0,0.0,0.0,0.0,0.0,0.0,3.0,3.0,2.0,2.0,841
292,2240.0,2170.0,2150.0,2161.0,2163.0,2312.0,2488.0,2821.0,2805.0,2752.0,3493.0,3582.0,3606.0,3636.0,842
293,4741.0,4681.0,4609.0,4555.0,4564.0,4542.0,4613.0,4788.0,5112.0,5067.0,4472.0,4471.0,4476.0,4456.0,843
294,5758.0,5731.0,5741.0,5760.0,5753.0,5717.0,5682.0,5705.0,5695.0,5708.0,5608.0,5553.0,5566.0,5551.0,844
295,10299.0,10161.0,9999.0,10106.0,10161.0,10287.0,10257.0,10181.0,10131.0,10086.0,9241.0,9131.0,8991.0,8907.0,845
296,1643.0,1604.0,1568.0,1581.0,1613.0,1652.0,1706.0,1843.0,1915.0,1897.0,2117.0,2159.0,2187.0,2169.0,846
297,843.0,816.0,943.0,960.0,968.0,1262.0,1367.0,1574.0,1729.0,1849.0,1673.0,1629.0,1682.0,1664.0,847
298,4621.0,4681.0,4893.0,5097.0,5209.0,5510.0,5860.0,6215.0,6495.0,6807.0,6974.0,7145.0,7190.0,7294.0,848
299,2640.0,2643.0,2785.0,2899.0,2981.0,3244.0,3284.0,3614.0,3896.0,3790.0,3123.0,3182.0,3182.0,3046.0,849
300,7603.0,7551.0,7506.0,7461.0,7411.0,7436.0,7738.0,8322.0,8601.0,8713.0,9271.0,9430.0,9442.0,9401.0,850
301,10578.0,10528.0,10525.0,10462.0,10380.0,10438.0,10549.0,10984.0,11268.0,11842.0,11184.0,11361.0,11467.0,11399.0,851
302,99.0,85.0,93.0,86.0,68.0,10.0,12.0,17.0,13.0,10.0,113.0,114.0,119.0,120.0,852
303,17.0,16.0,18.0,58.0,59.0,96.0,88.0,339.0,969.0,1063.0,107.0,111.0,98.0,93.0,853
304,793.0,829.0,881.0,926.0,995.0,1051.0,1098.0,1152.0,1232.0,1273.0,1384.0,1404.0,1413.0,1387.0,865
305,1405.0,1447.0,1508.0,1508.0,1555.0,1771.0,1893.0,1987.0,2054.0,2171.0,2230.0,2314.0,2291.0,2289.0,867
306,27174.0,27044.0,26897.0,26783.0,26581.0,26286.0,25994.0,26014.0,25698.0,25460.0,24767.0,24691.0,24434.0,24199.0,868
307,7411.0,7352.0,7304.0,7308.0,7304.0,7192.0,7156.0,7071.0,7029.0,7022.0,6844.0,6823.0,6848.0,6797.0,869
308,4062.0,3996.0,3949.0,3958.0,3937.0,3909.0,3863.0,3847.0,3924.0,4172.0,5011.0,5152.0,5185.0,5191.0,870
309,7511.0,7331.0,7248.0,7226.0,7267.0,7334.0,7369.0,7423.0,7666.0,7719.0,7849.0,7966.0,8076.0,8114.0,871
310,4562.0,4506.0,4478.0,4453.0,4427.0,4415.0,4354.0,4398.0,4408.0,4406.0,4360.0,4384.0,4305.0,4307.0,872
311,1155.0,1130.0,1087.0,1079.0,1085.0,1072.0,1059.0,1064.0,1059.0,1035.0,1021.0,1045.0,1052.0,1045.0,873
312,49.0,50.0,48.0,95.0,153.0,180.0,206.0,211.0,229.0,236.0,608.0,616.0,607.0,611.0,874
313,351.0,355.0,360.0,379.0,391.0,427.0,450.0,510.0,587.0,670.0,695.0,726.0,780.0,830.0,875
314,46.0,41.0,44.0,42.0,101.0,150.0,162.0,386.0,1111.0,1684.0,2272.0,2891.0,2959.0,3077.0,876
315,83.0,81.0,83.0,80.0,93.0,95.0,97.0,104.0,107.0,219.0,55.0,48.0,48.0,49.0,877
316,2.0,2.0,2.0,2.0,2.0,2.0,2.0,2.0,2.0,2.0,0.0,0.0,0.0,0.0,878
317,21.0,20.0,23.0,24.0,49.0,55.0,54.0,46.0,79.0,82.0,23.0,26.0,20.0,19.0,879
318,3500.0,3484.0,3518.0,3554.0,3560.0,3648.0,3789.0,3916.0,3923.0,3976.0,4115.0,4159.0,4124.0,4149.0,880
319,10.0,14.0,14.0,13.0,9.0,10.0,11.0,13.0,11.0,463.0,1189.0,1095.0,898.0,668.0,881
320,17.0,13.0,6.0,12.0,23.0,32.0,24.0,23.0,63.0,287.0,1305.0,1451.0,1507.0,1660.0,882
321,13.0,9.0,7.0,6.0,8.0,6.0,8.0,10.0,103.0,129.0,15.0,15.0,19.0,19.0,883
322,0.0,0.0,0.0,0.0,0.0,0.0,0.0,0.0,0.0,0.0,1.0,1.0,1.0,1.0,895
323,5670.0,5628.0,5554.0,5494.0,5435.0,5502.0,5557.0,5682.0,5827.0,6082.0,6470.0,6675.0,7093.0,7433.0,896
324,6154.0,6104.0,6005.0,5957.0,5918.0,5805.0,5764.0,5707.0,5627.0,5548.0,5436.0,5397.0,5354.0,5333.0,897
325,27.0,29.0,29.0,30.0,33.0,34.0,34.0,34.0,35.0,34.0,42.0,41.0,36.0,41.0,898
326,2871.0,2868.0,2864.0,2922.0,2960.0,3020.0,3057.0,3445.0,3641.0,3663.0,3157.0,3170.0,3240.0,3155.0,899
327,510.0,507.0,515.0,614.0,701.0,746.0,537.0,551.0,715.0,790.0,540.0,543.0,553.0,565.0,900
328,0.0,0.0,0.0,0.0,0.0,0.0,0.0,0.0,0.0,0.0,1.0,1.0,1.0,1.0,901
329,78.0,82.0,122.0,252.0,279.0,399.0,584.0,1019.0,1206.0,691.0,375.0,368.0,358.0,323.0,902
330,12.0,5.0,21.0,23.0,41.0,119.0,255.0,288.0,258.0,251.0,193.0,195.0,204.0,171.0,903
331,451.0,455.0,464.0,484.0,483.0,465.0,468.0,495.0,538.0,603.0,623.0,665.0,774.0,881.0,904
332,3895.0,3825.0,3861.0,3869.0,3779.0,3814.0,3873.0,4044.0,4330.0,4870.0,4841.0,4764.0,4724.0,4639.0,905
333,0.0,1.0,3.0,27.0,30.0,33.0,34.0,32.0,31.0,31.0,0.0,0.0,0.0,0.0,906
334,218.0,220.0,228.0,232.0,234.0,233.0,328.0,386.0,657.0,672.0,214.0,211.0,209.0,184.0,907
335,11.0,11.0,11.0,107.0,302.0,482.0,522.0,602.0,625.0,627.0,97.0,134.0,313.0,543.0,908
336,2129.0,2162.0,2216.0,2250.0,2311.0,2449.0,2642.0,3021.0,3338.0,3423.0,2794.0,2838.0,2917.0,3028.0,909
337,1829.0,1821.0,1842.0,1871.0,1877.0,1935.0,1973.0,2031.0,2036.0,2038.0,1922.0,1950.0,1933.0,1936.0,910
338,669.0,590.0,555.0,564.0,563.0,558.0,558.0,567.0,588.0,625.0,941.0,1000.0,1024.0,1035.0,911
339,374.0,377.0,399.0,416.0,428.0,438.0,437.0,436.0,456.0,461.0,419.0,416.0,420.0,437.0,923
340,1.0,3.0,6.0,7.0,8.0,9.0,8.0,8.0,6.0,16.0,91.0,89.0,101.0,105.0,924
341,4006.0,3942.0,3946.0,3955.0,3924.0,3953.0,3943.0,3933.0,3901.0,3859.0,3750.0,3745.0,3720.0,3741.0,925
342,0.0,0.0,0.0,0.0,0.0,0.0,0.0,0.0,0.0,0.0,0.0,0.0,0.0,2.0,926
343,5073.0,4986.0,4963.0,5058.0,4961.0,5088.0,5159.0,5252.0,5226.0,5252.0,4982.0,4985.0,4934.0,4912.0,927
344,185.0,185.0,182.0,182.0,195.0,193.0,196.0,249.0,332.0,410.0,241.0,230.0,204.0,197.0,929
345,0.0,0.0,0.0,0.0,0.0,0.0,0.0,0.0,0.0,0.0,0.0,0.0,0.0,0.0,930
346,2030.0,2030.0,2034.0,2074.0,2094.0,2127.0,2120.0,2131.0,2155.0,2170.0,2190.0,2158.0,2126.0,2127.0,932
347,2222.0,2114.0,2118.0,2108.0,2110.0,2104.0,2103.0,2080.0,2062.0,2059.0,2133.0,2124.0,2091.0,2080.0,933
348,56.0,46.0,82.0,155.0,102.0,134.0,121.0,162.0,191.0,210.0,154.0,169.0,192.0,203.0,934
349,0.0,0.0,0.0,1.0,0.0,86.0,110.0,140.0,201.0,201.0,0.0,0.0,0.0,0.0,936
350,627.0,651.0,697.0,707.0,807.0,740.0,775.0,824.0,880.0,928.0,873.0,884.0,888.0,910.0,937
351,978.0,1004.0,1111.0,1180.0,1251.0,1285.0,1413.0,1446.0,1536.0,1583.0,1582.0,1611.0,1630.0,1624.0,939
352,55.0,55.0,54.0,57.0,98.0,158.0,181.0,224.0,259.0,308.0,7.0,53.0,53.0,53.0,953
353,5896.0,5915.0,5995.0,5973.0,5957.0,6007.0,6012.0,6060.0,6032.0,6068.0,5895.0,5912.0,5916.0,5904.0,954
354,7310.0,7240.0,7205.0,7198.0,7253.0,7419.0,7652.0,8057.0,8267.0,8432.0,8389.0,8478.0,8549.0,8649.0,955
355,151.0,152.0,153.0,152.0,152.0,152.0,176.0,189.0,212.0,227.0,125.0,148.0,148.0,142.0,956
356,1006.0,973.0,960.0,1035.0,1094.0,1183.0,1239.0,1375.0,1498.0,1605.0,1850.0,1929.0,1955.0,1944.0,957
357,904.0,910.0,942.0,952.0,972.0,1089.0,1223.0,1442.0,1576.0,1717.0,1757.0,1884.0,1916.0,1935.0,958
358,25.0,33.0,46.0,52.0,51.0,52.0,49.0,52.0,119.0,131.0,40.0,39.0,37.0,37.0,959
359,1519.0,1512.0,1518.0,1536.0,1535.0,1700.0,1590.0,1529.0,1671.0,1668.0,1651.0,1647.0,1638.0,1628.0,960
360,1317.0,1316.0,1313.0,1308.0,1321.0,1339.0,1363.0,1388.0,1460.0,1522.0,1642.0,1657.0,1684.0,1689.0,961
361,4157.0,4166.0,4193.0,4246.0,4325.0,4333.0,4363.0,4584.0,4596.0,4587.0,3978.0,3903.0,3821.0,3806.0,962
362,3722.0,3675.0,3659.0,3660.0,3709.0,3813.0,3904.0,4247.0,4365.0,4587.0,5390.0,5519.0,5696.0,5674.0,965
363,32.0,35.0,44.0,40.0,45.0,63.0,48.0,59.0,68.0,199.0,29.0,29.0,53.0,57.0,966
364,,,,,,,,,,,24.0,24.0,21.0,19.0,980
365,278.0,293.0,304.0,321.0,371.0,396.0,429.0,474.0,512.0,495.0,833.0,827.0,884.0,894.0,981
366,2.0,2.0,2.0,2.0,2.0,2.0,2.0,2.0,2.0,2.0,0.0,0.0,0.0,0.0,982
367,0.0,0.0,0.0,0.0,0.0,0.0,0.0,0.0,0.0,0.0,0.0,0.0,0.0,0.0,983
368,4719.0,4680.0,4620.0,4577.0,4570.0,4515.0,4870.0,5004.0,5051.0,5026.0,4964.0,5060.0,4997.0,4998.0,984
369,0.0,0.0,0.0,3.0,1.0,1.0,1.0,4.0,5.0,18.0,53.0,59.0,58.0,61.0,985
370,0.0,0.0,0.0,0.0,0.0,0.0,0.0,0.0,0.0,0.0,101.0,181.0,202.0,260.0,986
371,9.0,9.0,9.0,9.0,9.0,9.0,9.0,9.0,9.0,11.0,118.0,118.0,105.0,112.0,987
372,650.0,661.0,681.0,698.0,723.0,876.0,1046.0,928.0,837.0,982.0,1137.0,1228.0,1343.0,1401.0,988
373,569.0,579.0,577.0,581.0,589.0,603.0,598.0,747.0,866.0,931.0,1030.0,1073.0,1088.0,1097.0,989
374,11447.0,11503.0,12007.0,12202.0,12470.0,12695.0,12984.0,13229.0,13535.0,13853.0,13531.0,13657.0,13539.0,13379.0,990
375,1357.0,1382.0,1448.0,1595.0,1732.0,1830.0,2044.0,2563.0,2673.0,2727.0,2948.0,2935.0,2911.0,2904.0,991
376,1346.0,1333.0,1432.0,1526.0,1638.0,1720.0,1777.0,1805.0,1918.0,1963.0,2346.0,2382.0,2451.0,2426.0,992
377,13.0,13.0,13.0,13.0,13.0,13.0,13.0,15.0,15.0,17.0,12.0,13.0,15.0,16.0,993
378,,,,,,,,,,,554.0,554.0,616.0,636.0,1009
379,150.0,155.0,164.0,186.0,186.0,179.0,185.0,170.0,445.0,761.0,450.0,567.0,598.0,619.0,1010
380,48.0,48.0,48.0,48.0,48.0,48.0,48.0,48.0,54.0,80.0,6.0,82.0,82.0,81.0,1011
381,39.0,41.0,50.0,64.0,65.0,43.0,86.0,244.0,325.0,327.0,55.0,48.0,52.0,59.0,1012
382,0.0,0.0,0.0,0.0,0.0,0.0,0.0,0.0,0.0,0.0,12.0,10.0,11.0,9.0,1015
383,5.0,4.0,9.0,14.0,10.0,10.0,17.0,18.0,13.0,14.0,0.0,0.0,0.0,0.0,1016
384,1354.0,1348.0,1364.0,1398.0,1450.0,1475.0,1525.0,1551.0,1631.0,1622.0,1693.0,1720.0,1752.0,1779.0,1017
385,2.0,2.0,2.0,2.0,2.0,2.0,2.0,2.0,2.0,2.0,4.0,5.0,6.0,11.0,1018
386,7280.0,8189.0,8570.0,9218.0,9806.0,10175.0,10303.0,10747.0,10845.0,11013.0,11012.0,11097.0,10979.0,10875.0,1019
387,1.0,1.0,1.0,1.0,1.0,1.0,1.0,1.0,1.0,1.0,235.0,290.0,310.0,352.0,1020
388,1.0,0.0,0.0,0.0,0.0,0.0,0.0,0.0,0.0,0.0,0.0,0.0,0.0,0.0,1021
389,0.0,0.0,0.0,0.0,0.0,0.0,0.0,0.0,0.0,0.0,0.0,0.0,0.0,0.0,1022
390,2501.0,2539.0,2662.0,2761.0,2841.0,2938.0,3031.0,3160.0,3282.0,3542.0,3629.0,3806.0,3872.0,3909.0,1023
391,87.0,86.0,83.0,134.0,142.0,151.0,159.0,162.0,162.0,187.0,1.0,1.0,1.0,1.0,1038
392,3961.0,3943.0,4024.0,4100.0,4188.0,4299.0,4351.0,4421.0,4910.0,5343.0,6534.0,6725.0,7003.0,7293.0,1040
393,1923.0,1951.0,2008.0,2051.0,2115.0,2200.0,2350.0,2524.0,2676.0,3008.0,3209.0,3323.0,3486.0,3576.0,1043
394,0.0,0.0,0.0,0.0,0.0,0.0,0.0,0.0,0.0,0.0,0.0,0.0,0.0,0.0,1044
395,386.0,387.0,399.0,429.0,441.0,450.0,448.0,464.0,469.0,464.0,486.0,475.0,472.0,471.0,1045
396,7.0,2.0,1.0,3.0,2.0,7.0,13.0,94.0,70.0,70.0,0.0,0.0,0.0,0.0,1046
397,46.0,46.0,46.0,46.0,46.0,46.0,48.0,57.0,60.0,58.0,11.0,8.0,15.0,13.0,1047
398,6536.0,6534.0,6650.0,6685.0,6752.0,6980.0,6983.0,6929.0,7078.0,7196.0,7456.0,7514.0,7545.0,7620.0,1048
399,3.0,3.0,3.0,30.0,130.0,186.0,225.0,252.0,268.0,308.0,1.0,1.0,2.0,1.0,1049
400,275.0,259.0,247.0,290.0,294.0,295.0,305.0,303.0,305.0,299.0,529.0,548.0,563.0,576.0,1066
401,,,,,,,,,,,96.0,96.0,92.0,92.0,1069
402,54.0,46.0,47.0,54.0,57.0,74.0,78.0,94.0,113.0,146.0,59.0,60.0,56.0,54.0,1072
403,531.0,534.0,527.0,527.0,544.0,549.0,564.0,645.0,671.0,629.0,560.0,560.0,560.0,585.0,1073
404,0.0,0.0,0.0,0.0,0.0,0.0,0.0,0.0,0.0,0.0,0.0,0.0,3.0,4.0,1074
405,55.0,59.0,61.0,69.0,72.0,70.0,69.0,65.0,75.0,72.0,73.0,74.0,67.0,70.0,1075
406,0.0,0.0,0.0,0.0,0.0,0.0,0.0,0.0,0.0,0.0,0.0,0.0,0.0,0.0,1078
407,94.0,100.0,104.0,109.0,116.0,118.0,124.0,191.0,224.0,250.0,246.0,254.0,274.0,282.0,1093
408,6.0,6.0,8.0,10.0,10.0,10.0,10.0,10.0,13.0,16.0,8.0,8.0,5.0,5.0,1094
409,146.0,153.0,157.0,176.0,198.0,231.0,251.0,411.0,689.0,781.0,365.0,506.0,506.0,503.0,1098
410,10.0,10.0,10.0,10.0,9.0,9.0,9.0,9.0,8.0,8.0,10.0,10.0,11.0,11.0,1101
411,965.0,979.0,997.0,1037.0,1065.0,1086.0,1114.0,1145.0,1093.0,1115.0,1371.0,1453.0,1455.0,1485.0,1102
412,18.0,142.0,1496.0,1490.0,1507.0,1583.0,1871.0,2392.0,2238.0,1922.0,749.0,1054.0,1745.0,608.0,1103
413,6197.0,6214.0,6227.0,6265.0,6298.0,6317.0,6484.0,6757.0,6873.0,7028.0,6889.0,6914.0,6932.0,6939.0,1105
414,23.0,25.0,29.0,24.0,18.0,41.0,66.0,98.0,123.0,128.0,44.0,58.0,51.0,42.0,1106
415,1654.0,1697.0,1829.0,2098.0,2276.0,2397.0,2471.0,2666.0,2829.0,2921.0,2932.0,3036.0,3131.0,3181.0,1123
416,0.0,0.0,0.0,0.0,0.0,0.0,0.0,0.0,0.0,0.0,0.0,0.0,0.0,0.0,1125
417,12.0,13.0,14.0,14.0,14.0,14.0,14.0,14.0,11.0,11.0,9.0,6.0,5.0,5.0,1126
418,287.0,294.0,321.0,324.0,334.0,343.0,346.0,372.0,387.0,408.0,443.0,447.0,513.0,555.0,1127
419,0.0,0.0,0.0,0.0,0.0,0.0,0.0,0.0,0.0,0.0,0.0,0.0,0.0,0.0,1128
420,26.0,27.0,30.0,30.0,32.0,32.0,28.0,28.0,28.0,28.0,26.0,24.0,20.0,22.0,1131
421,32.0,32.0,32.0,32.0,32.0,32.0,32.0,32.0,32.0,30.0,27.0,24.0,24.0,24.0,1132
422,126.0,119.0,124.0,161.0,156.0,187.0,255.0,332.0,323.0,462.0,452.0,412.0,409.0,410.0,1134
423,3.0,3.0,3.0,3.0,3.0,3.0,3.0,3.0,3.0,3.0,0.0,0.0,0.0,0.0,1135
424,3.0,3.0,3.0,3.0,3.0,3.0,3.0,3.0,6.0,6.0,8.0,10.0,10.0,12.0,1152
425,251.0,245.0,244.0,249.0,264.0,308.0,307.0,318.0,323.0,303.0,294.0,297.0,303.0,310.0,1154
426,0.0,0.0,0.0,0.0,0.0,0.0,0.0,0.0,0.0,0.0,0.0,0.0,0.0,0.0,1156
427,821.0,846.0,888.0,897.0,962.0,1079.0,1159.0,1182.0,1206.0,1249.0,1343.0,1372.0,1403.0,1449.0,1157
428,54.0,59.0,81.0,104.0,130.0,149.0,169.0,196.0,225.0,308.0,680.0,746.0,770.0,815.0,1158
429,9.0,13.0,6.0,9.0,17.0,12.0,13.0,21.0,16.0,16.0,8.0,8.0,9.0,9.0,1160
430,13.0,13.0,11.0,17.0,11.0,11.0,11.0,8.0,9.0,6.0,6.0,6.0,5.0,5.0,1163
431,224.0,221.0,215.0,213.0,211.0,216.0,229.0,231.0,237.0,249.0,268.0,267.0,279.0,297.0,1180
432,4462.0,4600.0,4748.0,4891.0,5068.0,5458.0,5777.0,6071.0,6468.0,6718.0,6827.0,7018.0,7090.0,7137.0,1187
433,6.0,6.0,6.0,6.0,6.0,6.0,6.0,6.0,6.0,6.0,0.0,0.0,0.0,0.0,1209
434,0.0,0.0,0.0,0.0,0.0,0.0,0.0,0.0,0.0,39.0,0.0,0.0,0.0,0.0,1214
435,2556.0,2564.0,2604.0,2668.0,2732.0,2804.0,2822.0,2886.0,2921.0,3038.0,3180.0,3217.0,3260.0,3321.0,1217
436,2550.0,2576.0,2600.0,2591.0,2554.0,2547.0,2508.0,2464.0,2492.0,2497.0,2538.0,2540.0,2505.0,2483.0,1243
437,3.0,2.0,2.0,2.0,2.0,2.0,2.0,2.0,2.0,2.0,4.0,4.0,5.0,4.0,1245
438,24.0,24.0,24.0,24.0,24.0,24.0,24.0,24.0,24.0,23.0,30.0,30.0,31.0,31.0,1273
